doi,cited by,known refs
10.7717/peerj-cs.30,8,
10.7717/peerj-cs.37,7,
10.7717/peerj-cs.85,0,
10.7717/peerj-cs.121,0,10.7717/peerj-cs.37
10.7717/peerj-cs.159,0,
10.7717/peerj-cs.83,0,
10.7717/peerj-cs.72,0,
10.7717/peerj-cs.116,2,
10.7717/peerj-cs.135,0,
10.7717/peerj-cs.106,1,
10.7717/peerj-cs.6,0,
10.7717/peerj-cs.139,0,
10.7717/peerj-cs.28,0,
10.7717/peerj-cs.167,0,
10.7717/peerj-cs.162,0,
10.7717/peerj-cs.138,0,
10.7717/peerj-cs.111,8,
10.7717/peerj-cs.108,1,
10.7717/peerj-cs.88,2,
10.7717/peerj-cs.109,0,
10.7717/peerj-cs.16,0,
10.7717/peerj-cs.128,0,
10.7717/peerj-cs.22,1,
10.7717/peerj-cs.164,0,
10.7717/peerj-cs.61,0,
10.7717/peerj-cs.82,0,
10.7717/peerj-cs.95,0,
10.7717/peerj-cs.55,45,
10.7717/peerj-cs.51,0,
10.7717/peerj-cs.105,2,
10.7717/peerj-cs.38,17,
10.7717/peerj-cs.45,2,
10.7717/peerj-cs.33,0,
10.7717/peerj-cs.150,0,
10.7717/peerj-cs.25,3,
10.7717/peerj-cs.42,5,
10.7717/peerj-cs.100,1,
10.7717/peerj-cs.165,0,
10.7717/peerj-cs.50,3,
10.7717/peerj-cs.140,0,10.7717/peerj-cs.127
10.7717/peerj-cs.130,0,
10.7717/peerj-cs.133,1,
10.7717/peerj-cs.76,1,
10.7717/peerj-cs.115,0,10.7717/peerj-cs.66
10.7717/peerj-cs.24,0,
10.7717/peerj-cs.71,0,
10.7717/peerj-cs.26,18,
10.7717/peerj-cs.144,0,
10.7717/peerj-cs.137,1,
10.7717/peerj-cs.119,0,10.7717/peerj-cs.41
10.7717/peerj-cs.74,2,
10.7717/peerj-cs.163,0,
10.7717/peerj-cs.97,1,
10.7717/peerj-cs.146,0,
10.7717/peerj-cs.29,0,
10.7717/peerj-cs.40,0,
10.7717/peerj-cs.96,0,
10.7717/peerj-cs.66,1,
10.7717/peerj-cs.122,0,
10.7717/peerj-cs.125,0,
10.7717/peerj-cs.4,6,
10.7717/peerj-cs.64,3,
10.7717/peerj-cs.68,5,
10.7717/peerj-cs.84,4,
10.7717/peerj-cs.20,27,
10.7717/peerj-cs.70,1,
10.7717/peerj-cs.77,3,
10.7717/peerj-cs.98,0,
10.7717/peerj-cs.126,1,
10.7717/peerj-cs.158,0,
10.7717/peerj-cs.149,0,
10.7717/peerj-cs.154,0,
10.7717/peerj-cs.18,13,
10.7717/peerj-cs.132,2,
10.7717/peerj-cs.49,1,
10.7717/peerj-cs.1,30,
10.7717/peerj-cs.148,0,
10.7717/peerj-cs.69,0,
10.7717/peerj-cs.10,4,
10.7717/peerj-cs.57,1,
10.7717/peerj-cs.80,1,
10.7717/peerj-cs.21,1,
10.7717/peerj-cs.48,0,
10.7717/peerj-cs.53,0,
10.7717/peerj-cs.3,3,
10.7717/peerj-cs.75,2,
10.7717/peerj-cs.145,0,
10.7717/peerj-cs.73,8,10.7717/peerj-cs.18
10.7717/peerj-cs.9,0,
10.7717/peerj-cs.118,1,
10.7717/peerj-cs.36,6,
10.7717/peerj-cs.13,6,
10.7717/peerj-cs.113,3,
10.7717/peerj-cs.31,1,
10.7717/peerj-cs.47,1,
10.7717/peerj-cs.86,19,10.7717/peerj-cs.1
10.7717/peerj-cs.112,0,10.7717/peerj-cs.86
10.7717/peerj-cs.58,1,
10.7717/peerj-cs.14,2,
10.7717/peerj-cs.27,0,
10.7717/peerj-cs.54,5,
10.7717/peerj-cs.78,7,10.7717/peerj-cs.44
10.7717/peerj-cs.19,7,
10.7717/peerj-cs.43,0,
10.7717/peerj-cs.104,6,
10.7717/peerj-cs.152,0,
10.7717/peerj-cs.120,0,
10.7717/peerj-cs.110,2,10.7717/peerj-cs.1; 10.7717/peerj-cs.78
10.7717/peerj-cs.107,3,10.7717/peerj-cs.38; 10.7717/peerj-cs.42
10.7717/peerj-cs.41,6,
10.7717/peerj-cs.17,0,
10.7717/peerj-cs.168,0,
10.7717/peerj-cs.32,0,
10.7717/peerj-cs.59,2,
10.7717/peerj-cs.124,1,
10.7717/peerj-cs.89,1,
10.7717/peerj-cs.131,0,
10.7717/peerj-cs.23,14,
10.7717/peerj-cs.63,3,
10.7717/peerj-cs.5,1,
10.7717/peerj-cs.141,0,
10.7717/peerj-cs.142,4,
10.7717/peerj-cs.34,0,
10.7717/peerj-cs.123,0,
10.7717/peerj-cs.39,0,
10.7717/peerj-cs.101,0,
10.7717/peerj-cs.11,4,
10.7717/peerj-cs.155,0,
10.7717/peerj-cs.35,0,
10.7717/peerj-cs.129,0,
10.7717/peerj-cs.127,3,
10.7717/peerj-cs.91,0,
10.7717/peerj-cs.114,4,
10.7717/peerj-cs.8,2,
10.7717/peerj-cs.161,0,
10.7717/peerj-cs.102,2,
10.7717/peerj-cs.147,2,10.7717/peerj-cs.1; 10.7717/peerj-cs.86
10.7717/peerj-cs.134,1,
10.7717/peerj-cs.15,1,
10.7717/peerj-cs.156,0,
10.7717/peerj-cs.143,0,
10.7717/peerj-cs.44,3,
10.7717/peerj-cs.79,0,
10.7717/peerj-cs.117,0,
10.7717/peerj-cs.62,6,
10.7717/peerj-cs.136,0,
10.7717/peerj-cs.46,7,
10.7717/peerj-cs.153,0,
10.7717/peerj-cs.7,2,
10.7717/peerj-cs.65,0,
10.7717/peerj-cs.160,0,10.7717/peerj-cs.54
10.7717/peerj-cs.103,41,
10.7717/peerj-cs.81,4,
10.7717/peerj-cs.52,1,
10.7717/peerj-cs.87,6,
10.7717/peerj-cs.166,0,
10.7717/peerj-cs.93,18,
10.7717/peerj-cs.2,0,
10.7717/peerj-cs.67,41,
10.7717/peerj-cs.56,2,
10.7717/peerj-cs.92,0,
10.7717/peerj-cs.90,5,
10.7717/peerj-cs.157,0,
10.7717/peerj-cs.60,3,
10.7717/peerj-cs.151,0,
10.7717/peerj-cs.12,5,
